SYMBOL,TIMESTAMP,OPEN,HIGH,LOW,CLOSE,OPEN_INT,CHG_IN_OI,COI_OI,COI_CHOI,COUNT
BANKNIFTY,08-NOV-2019,30630.0,31099.0,30493.55,30759.0,1686380,268920,1738200,272560,0
BANKNIFTY,08-NOV-2019,30712.35,31209.2,30616.45,30878.1,46000,2460,1738200,272560,1
BANKNIFTY,08-NOV-2019,30745.7,31350.0,30720.55,30974.3,5820,1180,1738200,272560,2
NIFTY,08-NOV-2019,12002.9,12069.0,11933.35,11945.35,15797100,-385425,16551300,-385800,3
NIFTY,08-NOV-2019,12031.0,12111.35,11976.95,11991.25,686025,3750,16551300,-385800,4
NIFTY,08-NOV-2019,12092.65,12155.0,12021.8,12033.3,68175,-4125,16551300,-385800,5
BANKNIFTY,11-NOV-2019,30700.0,31222.85,30610.05,31097.8,1891320,204940,1953040,214840,0
BANKNIFTY,11-NOV-2019,30765.0,31320.2,30735.0,31219.6,54500,8500,1953040,214840,1
BANKNIFTY,11-NOV-2019,30838.55,31415.0,30838.35,31315.7,7220,1400,1953040,214840,2
NIFTY,11-NOV-2019,11908.4,11968.35,11866.0,11943.7,15325650,-471450,16089600,-461700,3
NIFTY,11-NOV-2019,11970.0,12009.0,11912.0,11986.65,694950,8925,16089600,-461700,4
NIFTY,11-NOV-2019,12000.0,12050.25,11956.55,12032.4,69000,825,16089600,-461700,5
BANKNIFTY,13-NOV-2019,31083.95,31167.25,30538.8,30585.6,1714140,-177180,1774000,-179040,0
BANKNIFTY,13-NOV-2019,31173.6,31276.0,30664.9,30700.7,52300,-2200,1774000,-179040,1
BANKNIFTY,13-NOV-2019,31326.1,31360.0,30765.0,30810.8,7560,340,1774000,-179040,2
NIFTY,13-NOV-2019,11919.95,11956.75,11846.65,11863.25,15586725,261075,16367475,277875,3
NIFTY,13-NOV-2019,11964.3,11998.0,11893.95,11906.2,699150,4200,16367475,277875,4
NIFTY,13-NOV-2019,11997.0,12039.5,11938.6,11952.0,81600,12600,16367475,277875,5
BANKNIFTY,14-NOV-2019,30580.0,30830.0,30361.35,30770.55,1719940,5800,1803600,29600,0
BANKNIFTY,14-NOV-2019,30663.5,30926.0,30471.85,30886.15,76040,23740,1803600,29600,1
BANKNIFTY,14-NOV-2019,30782.35,31010.0,30574.6,30981.6,7620,60,1803600,29600,2
NIFTY,14-NOV-2019,11875.2,11924.4,11825.45,11899.65,15326775,-259950,16197825,-169650,3
NIFTY,14-NOV-2019,11904.0,11966.75,11870.1,11943.05,778350,79200,16197825,-169650,4
NIFTY,14-NOV-2019,11955.0,12008.0,11917.55,11984.4,92700,11100,16197825,-169650,5
BANKNIFTY,15-NOV-2019,30902.2,31185.0,30859.6,31052.2,1800860,80920,1925460,121860,0
BANKNIFTY,15-NOV-2019,30990.0,31269.4,30968.25,31160.35,116580,40540,1925460,121860,1
BANKNIFTY,15-NOV-2019,31121.1,31375.0,31069.2,31259.9,8020,400,1925460,121860,2
NIFTY,15-NOV-2019,11913.0,12008.65,11913.0,11942.6,15538275,211500,16482075,284250,3
NIFTY,15-NOV-2019,11953.35,12048.9,11953.35,11984.7,843000,64650,16482075,284250,4
NIFTY,15-NOV-2019,12014.25,12085.85,12003.65,12028.6,100800,8100,16482075,284250,5
BANKNIFTY,18-NOV-2019,31152.0,31182.0,30900.1,31017.85,1790560,-10300,1922200,-3260,0
BANKNIFTY,18-NOV-2019,31200.0,31274.0,31013.0,31125.45,123700,7120,1922200,-3260,1
BANKNIFTY,18-NOV-2019,31335.7,31373.05,31120.75,31218.95,7940,-80,1922200,-3260,2
NIFTY,18-NOV-2019,11935.45,11958.0,11890.15,11920.9,15517050,-21225,16514250,32175,3
NIFTY,18-NOV-2019,11980.0,12000.1,11938.5,11965.1,888825,45825,16514250,32175,4
NIFTY,18-NOV-2019,12028.0,12041.15,11981.5,12006.9,108375,7575,16514250,32175,5
BANKNIFTY,19-NOV-2019,31059.95,31315.85,30950.0,31259.65,1901260,110700,2057720,135520,0
BANKNIFTY,19-NOV-2019,31150.0,31410.55,31065.0,31370.95,146840,23140,2057720,135520,1
BANKNIFTY,19-NOV-2019,31260.0,31506.0,31173.05,31481.15,9620,1680,2057720,135520,2
NIFTY,19-NOV-2019,11918.0,11988.35,11901.5,11969.15,15605100,88050,16783200,268950,3
NIFTY,19-NOV-2019,11973.75,12030.0,11946.65,12018.0,1053450,164625,16783200,268950,4
NIFTY,19-NOV-2019,11998.0,12075.0,11992.0,12049.3,124650,16275,16783200,268950,5
BANKNIFTY,20-NOV-2019,31350.0,31434.4,31184.55,31321.25,1840580,-60680,2024980,-32740,0
BANKNIFTY,20-NOV-2019,31383.15,31538.7,31296.5,31432.7,173960,27120,2024980,-32740,1
BANKNIFTY,20-NOV-2019,31481.85,31625.0,31400.0,31531.6,10440,820,2024980,-32740,2
NIFTY,20-NOV-2019,11979.4,12066.0,11972.65,12018.15,14939700,-665400,16257450,-525750,3
NIFTY,20-NOV-2019,12031.4,12107.0,12022.3,12062.45,1183350,129900,16257450,-525750,4
NIFTY,20-NOV-2019,12071.05,12146.2,12063.2,12104.55,134400,9750,16257450,-525750,5
BANKNIFTY,21-NOV-2019,31299.95,31444.9,31223.6,31316.75,1794300,-46280,2048340,23360,0
BANKNIFTY,21-NOV-2019,31300.15,31545.0,31300.15,31427.85,242460,68500,2048340,23360,1
BANKNIFTY,21-NOV-2019,31514.9,31635.0,31454.9,31531.65,11580,1140,2048340,23360,2
NIFTY,21-NOV-2019,12007.35,12030.05,11962.2,11974.55,14469450,-470250,16161675,-95775,3
NIFTY,21-NOV-2019,12052.3,12065.0,12009.0,12018.55,1556850,373500,16161675,-95775,4
NIFTY,21-NOV-2019,12102.05,12102.25,12051.1,12061.3,135375,975,16161675,-95775,5
BANKNIFTY,22-NOV-2019,31248.2,31329.7,31023.35,31114.7,1644360,-149940,1989500,-58840,0
BANKNIFTY,22-NOV-2019,31432.75,31432.75,31140.0,31225.25,332520,90060,1989500,-58840,1
BANKNIFTY,22-NOV-2019,31475.65,31524.35,31242.0,31327.55,12620,1040,1989500,-58840,2
NIFTY,22-NOV-2019,11973.6,11977.4,11884.1,11914.5,13223925,-1245525,15151200,-1010475,3
NIFTY,22-NOV-2019,12014.25,12016.0,11930.05,11957.45,1785375,228525,15151200,-1010475,4
NIFTY,22-NOV-2019,12050.1,12057.4,11973.9,12001.6,141900,6525,15151200,-1010475,5
BANKNIFTY,25-NOV-2019,31080.1,31590.0,31049.05,31568.25,1450860,-193500,2029740,40240,0
BANKNIFTY,25-NOV-2019,31208.35,31701.0,31178.0,31679.85,563120,230600,2029740,40240,1
BANKNIFTY,25-NOV-2019,31300.0,31799.65,31300.0,31779.5,15760,3140,2029740,40240,2
NIFTY,25-NOV-2019,11928.2,12107.0,11917.6,12096.3,11877150,-1346775,16022325,871125,3
NIFTY,25-NOV-2019,11968.15,12152.3,11966.55,12141.6,3949275,2163900,16022325,871125,4
NIFTY,25-NOV-2019,12008.9,12191.1,12008.3,12180.7,195900,54000,16022325,871125,5
BANKNIFTY,26-NOV-2019,31620.1,31791.85,31411.0,31648.9,1361080,-89780,2255120,225380,0
BANKNIFTY,26-NOV-2019,31739.2,31895.7,31535.05,31764.35,875780,312660,2255120,225380,1
BANKNIFTY,26-NOV-2019,31800.8,31985.0,31644.0,31853.6,18260,2500,2255120,225380,2
NIFTY,26-NOV-2019,12121.05,12137.6,12017.65,12075.2,10401900,-1475250,18805350,2783025,3
NIFTY,26-NOV-2019,12149.9,12176.0,12069.5,12120.35,8095725,4146450,18805350,2783025,4
NIFTY,26-NOV-2019,12200.9,12216.5,12115.0,12165.45,307725,111825,18805350,2783025,5
BANKNIFTY,27-NOV-2019,31738.6,31898.0,31705.0,31872.35,1136460,-224620,2254460,-660,0
BANKNIFTY,27-NOV-2019,31971.25,32010.6,31820.0,31976.1,1094700,218920,2254460,-660,1
BANKNIFTY,27-NOV-2019,31427.15,32100.0,31427.15,32075.6,23300,5040,2254460,-660,2
NIFTY,27-NOV-2019,12098.55,12124.95,12072.9,12108.55,6844800,-3557100,18499425,-305925,3
NIFTY,27-NOV-2019,12139.95,12169.95,12117.3,12151.9,11324550,3228825,18499425,-305925,4
NIFTY,27-NOV-2019,12190.0,12210.0,12161.6,12198.55,330075,22350,18499425,-305925,5
BANKNIFTY,28-NOV-2019,31874.25,32143.3,31874.25,32121.35,790640,-345820,2685360,430900,0
BANKNIFTY,28-NOV-2019,32005.3,32199.8,31981.4,32170.15,1862560,767860,2685360,430900,1
BANKNIFTY,28-NOV-2019,32131.0,32277.0,32077.05,32242.9,32160,8860,2685360,430900,2
NIFTY,28-NOV-2019,12119.85,12157.9,12096.25,12145.95,3756000,-3088800,18452325,-47100,3
NIFTY,28-NOV-2019,12164.35,12196.05,12142.5,12186.05,14240700,2916150,18452325,-47100,4
NIFTY,28-NOV-2019,12209.0,12234.0,12183.15,12224.95,455625,125550,18452325,-47100,5
BANKNIFTY,29-NOV-2019,32100.5,32148.0,31820.0,32003.85,1694740,-167820,1731060,-163660,0
BANKNIFTY,29-NOV-2019,32217.6,32217.6,31925.0,32088.55,35420,3260,1731060,-163660,1
BANKNIFTY,29-NOV-2019,32300.0,32344.1,32021.0,32184.5,900,900,1731060,-163660,2
NIFTY,29-NOV-2019,12174.85,12174.9,12051.0,12099.85,13719150,-521550,14175675,-520650,3
NIFTY,29-NOV-2019,12202.75,12202.75,12096.0,12140.55,440100,-15525,14175675,-520650,4
NIFTY,29-NOV-2019,12225.0,12234.0,12131.45,12176.05,16425,16425,14175675,-520650,5
BANKNIFTY,02-DEC-2019,32079.95,32080.0,31762.3,31921.35,1661060,-33680,1698540,-32520,0
BANKNIFTY,02-DEC-2019,32063.15,32168.1,31873.05,32016.95,36280,860,1698540,-32520,1
BANKNIFTY,02-DEC-2019,32208.9,32230.0,31955.2,32103.95,1200,300,1698540,-32520,2
NIFTY,02-DEC-2019,12133.85,12137.95,12052.15,12091.45,13588875,-130275,14067975,-107700,3
NIFTY,02-DEC-2019,12140.0,12180.0,12096.95,12136.15,443250,3150,14067975,-107700,4
NIFTY,02-DEC-2019,12170.35,12210.0,12145.0,12165.55,35850,19425,14067975,-107700,5
BANKNIFTY,03-DEC-2019,31949.9,31949.9,31580.6,31711.2,1615980,-45080,1648820,-49720,0
BANKNIFTY,03-DEC-2019,31994.55,32001.2,31692.3,31810.65,31360,-4920,1648820,-49720,1
BANKNIFTY,03-DEC-2019,32148.6,32148.6,31797.75,31895.05,1480,280,1648820,-49720,2
NIFTY,03-DEC-2019,12097.0,12097.0,11991.15,12046.45,13667775,78900,14160150,92175,3
NIFTY,03-DEC-2019,12133.65,12136.4,12042.35,12089.45,447675,4425,14160150,92175,4
NIFTY,03-DEC-2019,12163.0,12163.0,12079.95,12126.55,44700,8850,14160150,92175,5
BANKNIFTY,04-DEC-2019,31624.95,32125.0,31511.25,32080.9,1702420,86440,1745080,96260,0
BANKNIFTY,04-DEC-2019,31690.05,32215.65,31610.65,32173.25,40140,8780,1745080,96260,1
BANKNIFTY,04-DEC-2019,31790.0,32300.0,31717.9,32278.85,2520,1040,1745080,96260,2
NIFTY,04-DEC-2019,12009.9,12098.0,11977.2,12089.8,13663275,-4500,14167125,6975,3
NIFTY,04-DEC-2019,12084.75,12142.25,12005.0,12134.2,454500,6825,14167125,6975,4
NIFTY,04-DEC-2019,12124.75,12174.0,12020.3,12168.65,49350,4650,14167125,6975,5
BANKNIFTY,05-DEC-2019,32110.0,32179.95,31705.0,31762.5,1627260,-75160,1669380,-75700,0
BANKNIFTY,05-DEC-2019,32262.25,32262.25,31811.85,31866.45,39740,-400,1669380,-75700,1
BANKNIFTY,05-DEC-2019,32285.8,32350.0,31907.65,31941.3,2380,-140,1669380,-75700,2
NIFTY,05-DEC-2019,12082.4,12116.0,12026.85,12047.7,13161075,-502200,13677600,-489525,3
NIFTY,05-DEC-2019,12136.5,12159.0,12073.0,12090.25,461175,6675,13677600,-489525,4
NIFTY,05-DEC-2019,12157.05,12186.25,12110.0,12123.8,55350,6000,13677600,-489525,5
BANKNIFTY,06-DEC-2019,31799.95,31925.0,31323.0,31418.3,1486980,-140280,1527040,-142340,0
BANKNIFTY,06-DEC-2019,31898.85,32021.65,31433.0,31507.9,37660,-2080,1527040,-142340,1
BANKNIFTY,06-DEC-2019,32031.05,32100.0,31536.55,31592.95,2400,20,1527040,-142340,2
NIFTY,06-DEC-2019,12065.2,12082.0,11931.0,11955.7,13431675,270600,13993050,315450,3
NIFTY,06-DEC-2019,12104.95,12124.25,11977.1,11999.6,494175,33000,13993050,315450,4
NIFTY,06-DEC-2019,12144.25,12157.0,12015.0,12034.7,67200,11850,13993050,315450,5
BANKNIFTY,09-DEC-2019,31374.9,31612.1,31201.0,31397.65,1356640,-130340,1401260,-125780,0
BANKNIFTY,09-DEC-2019,31474.85,31708.95,31314.8,31498.35,41800,4140,1401260,-125780,1
BANKNIFTY,09-DEC-2019,31544.4,31807.15,31400.0,31600.05,2820,420,1401260,-125780,2
NIFTY,09-DEC-2019,11855.3,12011.8,11855.3,11966.7,13320075,-111600,13908975,-84075,3
NIFTY,09-DEC-2019,11990.2,12053.1,11960.9,12010.55,516975,22800,13908975,-84075,4
NIFTY,09-DEC-2019,12020.9,12089.1,11998.6,12046.35,71925,4725,13908975,-84075,5
BANKNIFTY,10-DEC-2019,31440.1,31445.0,31188.35,31226.55,1435080,78440,1480500,79240,0
BANKNIFTY,10-DEC-2019,31517.2,31534.9,31297.25,31330.35,42020,220,1480500,79240,1
BANKNIFTY,10-DEC-2019,31610.0,31623.0,31400.0,31424.1,3400,580,1480500,79240,2
NIFTY,10-DEC-2019,11972.2,11976.1,11884.35,11898.2,13407450,87375,14054925,145950,3
NIFTY,10-DEC-2019,12010.55,12013.8,11932.0,11944.55,557250,40275,14054925,145950,4
NIFTY,10-DEC-2019,12028.8,12047.7,11968.0,11977.5,90225,18300,14054925,145950,5
BANKNIFTY,11-DEC-2019,31208.3,31395.75,31065.3,31314.25,1333800,-101280,1386820,-93680,0
BANKNIFTY,11-DEC-2019,31340.2,31492.5,31180.0,31407.25,49020,7000,1386820,-93680,1
BANKNIFTY,11-DEC-2019,31452.1,31575.65,31280.0,31496.2,4000,600,1386820,-93680,2
NIFTY,11-DEC-2019,11907.95,11953.9,11872.3,11938.15,13553025,145575,14296800,241875,3
NIFTY,11-DEC-2019,11956.05,12001.0,11922.0,11985.7,649350,92100,14296800,241875,4
NIFTY,11-DEC-2019,11989.55,12033.2,11956.5,12013.4,94425,4200,14296800,241875,5
BANKNIFTY,12-DEC-2019,31406.3,31745.0,31405.0,31717.0,1402360,68560,1466760,79940,0
BANKNIFTY,12-DEC-2019,31544.3,31841.8,31508.45,31812.25,58700,9680,1466760,79940,1
BANKNIFTY,12-DEC-2019,31650.0,31945.85,31618.05,31911.75,5700,1700,1466760,79940,2
NIFTY,12-DEC-2019,11998.95,12054.95,11966.3,12028.65,14032050,479025,14946000,649200,3
NIFTY,12-DEC-2019,12020.0,12100.0,12013.65,12078.5,798825,149475,14946000,649200,4
NIFTY,12-DEC-2019,12052.3,12131.4,12048.0,12108.65,115125,20700,14946000,649200,5
BANKNIFTY,13-DEC-2019,31860.45,32230.0,31805.35,32102.7,1296060,-106300,1371100,-95660,0
BANKNIFTY,13-DEC-2019,31950.15,32328.4,31950.15,32206.05,67200,8500,1371100,-95660,1
BANKNIFTY,13-DEC-2019,32084.4,32406.0,32065.65,32305.15,7840,2140,1371100,-95660,2
NIFTY,13-DEC-2019,12060.35,12152.0,12054.95,12142.35,14065275,33225,15273225,327225,3
NIFTY,13-DEC-2019,12109.95,12199.0,12102.2,12190.5,1049850,251025,15273225,327225,4
NIFTY,13-DEC-2019,12135.0,12238.85,12135.0,12227.9,158100,42975,15273225,327225,5
BANKNIFTY,16-DEC-2019,32197.65,32205.0,31848.15,32010.3,1301720,5660,1391260,20160,0
BANKNIFTY,16-DEC-2019,32255.75,32296.85,31960.0,32122.9,81120,13920,1391260,20160,1
BANKNIFTY,16-DEC-2019,32330.75,32378.75,32077.35,32214.6,8420,580,1391260,20160,2
NIFTY,16-DEC-2019,12152.15,12152.15,12073.9,12082.55,13522500,-542775,14864550,-408675,3
NIFTY,16-DEC-2019,12190.05,12190.25,12125.95,12135.8,1171350,121500,14864550,-408675,4
NIFTY,16-DEC-2019,12222.6,12222.6,12160.0,12168.3,170700,12600,14864550,-408675,5
BANKNIFTY,17-DEC-2019,32100.1,32285.0,32055.05,32206.35,1285700,-16020,1424400,33140,0
BANKNIFTY,17-DEC-2019,32002.15,32380.0,32002.15,32333.3,128620,47500,1424400,33140,1
BANKNIFTY,17-DEC-2019,32237.4,32474.85,32237.4,32414.2,10080,1660,1424400,33140,2
NIFTY,17-DEC-2019,12099.7,12200.0,12094.0,12187.15,13572150,49650,15362625,498075,3
NIFTY,17-DEC-2019,12144.75,12254.0,12144.75,12242.2,1601250,429900,15362625,498075,4
NIFTY,17-DEC-2019,12180.1,12285.0,12180.0,12271.3,189225,18525,15362625,498075,5
BANKNIFTY,18-DEC-2019,32310.05,32343.95,32055.0,32279.3,1291620,5920,1478580,54180,0
BANKNIFTY,18-DEC-2019,32430.05,32452.0,32191.1,32411.9,175940,47320,1478580,54180,1
BANKNIFTY,18-DEC-2019,32440.0,32525.0,32295.0,32497.65,11020,940,1478580,54180,2
NIFTY,18-DEC-2019,12208.0,12253.1,12171.65,12243.15,13320525,-251625,15645825,283200,3
NIFTY,18-DEC-2019,12251.15,12306.0,12232.45,12297.3,2034600,433350,15645825,283200,4
NIFTY,18-DEC-2019,12274.3,12344.0,12260.0,12335.45,290700,101475,15645825,283200,5
BANKNIFTY,19-DEC-2019,32300.0,32345.4,32123.35,32260.4,1253140,-38480,1516300,37720,0
BANKNIFTY,19-DEC-2019,32383.5,32478.6,32271.0,32400.55,250760,74820,1516300,37720,1
BANKNIFTY,19-DEC-2019,32450.0,32601.0,32365.8,32492.15,12400,1380,1516300,37720,2
NIFTY,19-DEC-2019,12228.4,12276.95,12207.6,12268.95,13302975,-17550,16189575,543750,3
NIFTY,19-DEC-2019,12285.7,12330.05,12261.9,12324.0,2545425,510825,16189575,543750,4
NIFTY,19-DEC-2019,12307.8,12366.95,12301.55,12358.6,341175,50475,16189575,543750,5
BANKNIFTY,20-DEC-2019,32227.0,32440.0,32180.0,32378.4,1245160,-7980,1673860,157560,0
BANKNIFTY,20-DEC-2019,32417.2,32550.0,32330.4,32519.25,414040,163280,1673860,157560,1
BANKNIFTY,20-DEC-2019,32450.3,32627.5,32450.0,32605.3,14660,2260,1673860,157560,2
NIFTY,20-DEC-2019,12270.2,12298.95,12255.5,12290.0,12728100,-574875,16359600,170025,3
NIFTY,20-DEC-2019,12327.75,12352.0,12311.0,12343.6,3250200,704775,16359600,170025,4
NIFTY,20-DEC-2019,12358.45,12390.25,12352.1,12382.9,381300,40125,16359600,170025,5
BANKNIFTY,23-DEC-2019,32349.95,32425.0,32220.0,32329.4,1111340,-133820,1725280,51420,0
BANKNIFTY,23-DEC-2019,32215.1,32568.6,32215.1,32473.8,598180,184140,1725280,51420,1
BANKNIFTY,23-DEC-2019,32575.0,32651.0,32469.75,32568.6,15760,1100,1725280,51420,2
NIFTY,23-DEC-2019,12265.35,12291.65,12226.1,12276.45,11010900,-1717200,16541250,181650,3
NIFTY,23-DEC-2019,12300.15,12345.75,12287.0,12335.95,5113275,1863075,16541250,181650,4
NIFTY,23-DEC-2019,12390.5,12390.5,12326.3,12371.5,417075,35775,16541250,181650,5
BANKNIFTY,24-DEC-2019,32304.95,32384.0,32270.45,32307.75,895180,-216160,1808660,83380,0
BANKNIFTY,24-DEC-2019,32463.15,32528.8,32426.9,32460.65,894060,295880,1808660,83380,1
BANKNIFTY,24-DEC-2019,32535.0,32608.0,32515.0,32550.0,19420,3660,1808660,83380,2
NIFTY,24-DEC-2019,12259.95,12314.9,12228.0,12238.45,7411500,-3599400,16023225,-518025,3
NIFTY,24-DEC-2019,12344.95,12345.0,12285.0,12293.75,8171100,3057825,16023225,-518025,4
NIFTY,24-DEC-2019,12371.0,12382.45,12325.0,12335.0,440625,23550,16023225,-518025,5
BANKNIFTY,26-DEC-2019,32269.95,32339.0,31945.0,32004.1,345720,-549460,1605280,-203380,0
BANKNIFTY,26-DEC-2019,32450.0,32450.0,32160.0,32186.2,1233460,339400,1605280,-203380,1
BANKNIFTY,26-DEC-2019,32506.45,32523.6,32260.15,32289.7,26100,6680,1605280,-203380,2
NIFTY,26-DEC-2019,12120.0,12229.9,12120.0,12135.35,5145525,-2265975,17406975,1383750,3
NIFTY,26-DEC-2019,12270.3,12279.95,12188.0,12195.75,11326650,3155550,17406975,1383750,4
NIFTY,26-DEC-2019,12270.1,12322.0,12226.05,12235.9,934800,494175,17406975,1383750,5
BANKNIFTY,27-DEC-2019,32250.1,32633.75,32246.5,32604.7,1525660,292200,1563240,303680,0
BANKNIFTY,27-DEC-2019,32353.8,32730.0,32340.05,32707.75,34900,8800,1563240,303680,1
BANKNIFTY,27-DEC-2019,32460.0,32818.0,32460.0,32798.9,2680,2680,1563240,303680,2
NIFTY,27-DEC-2019,12228.7,12330.0,12209.0,12319.25,12163500,836850,13176375,914925,3
NIFTY,27-DEC-2019,12262.0,12365.0,12250.5,12356.0,959475,24675,13176375,914925,4
NIFTY,27-DEC-2019,12250.0,12411.7,12250.0,12402.35,53400,53400,13176375,914925,5
BANKNIFTY,30-DEC-2019,32632.45,32773.85,32431.0,32554.05,1387200,-138460,1425660,-137580,0
BANKNIFTY,30-DEC-2019,32725.7,32865.0,32541.2,32663.75,34720,-180,1425660,-137580,1
BANKNIFTY,30-DEC-2019,32801.35,32974.2,32640.0,32738.35,3740,1060,1425660,-137580,2
NIFTY,30-DEC-2019,12326.75,12348.0,12276.0,12329.3,12108300,-55200,13124700,-51675,3
NIFTY,30-DEC-2019,12365.6,12386.0,12319.85,12370.0,949275,-10200,13124700,-51675,4
NIFTY,30-DEC-2019,12400.0,12429.65,12362.5,12413.7,67125,13725,13124700,-51675,5
BANKNIFTY,31-DEC-2019,32478.7,32521.9,32320.0,32366.05,1304980,-82220,1343440,-82220,0
BANKNIFTY,31-DEC-2019,32574.5,32628.7,32439.95,32481.55,34220,-500,1343440,-82220,1
BANKNIFTY,31-DEC-2019,32651.1,32720.0,32529.1,32571.7,4240,500,1343440,-82220,2
NIFTY,31-DEC-2019,12296.4,12312.6,12230.15,12246.25,12263025,154725,13295625,170925,3
NIFTY,31-DEC-2019,12302.8,12350.0,12274.05,12290.0,958650,9375,13295625,170925,4
NIFTY,31-DEC-2019,12380.0,12393.65,12319.0,12333.6,73950,6825,13295625,170925,5
BANKNIFTY,01-JAN-2020,32417.3,32495.75,32225.0,32285.2,1299680,-5300,1338300,-5140,0
BANKNIFTY,01-JAN-2020,32452.3,32598.0,32345.15,32403.25,34100,-120,1338300,-5140,1
BANKNIFTY,01-JAN-2020,32507.2,32682.0,32399.05,32469.3,4520,280,1338300,-5140,2
NIFTY,01-JAN-2020,12253.95,12269.6,12226.05,12243.8,12014775,-248250,13055700,-239925,3
NIFTY,01-JAN-2020,12302.25,12309.85,12270.0,12287.55,963675,5025,13055700,-239925,4
NIFTY,01-JAN-2020,12309.05,12355.05,12309.05,12331.0,77250,3300,13055700,-239925,5
BANKNIFTY,02-JAN-2020,32299.0,32606.05,32281.55,32579.15,1292380,-7300,1331760,-6540,0
BANKNIFTY,02-JAN-2020,32444.85,32711.15,32394.0,32685.85,34520,420,1331760,-6540,1
BANKNIFTY,02-JAN-2020,32571.0,32810.0,32502.8,32786.25,4860,340,1331760,-6540,2
NIFTY,02-JAN-2020,12252.1,12344.5,12245.5,12339.3,12446775,432000,13513650,457950,3
NIFTY,02-JAN-2020,12299.4,12386.1,12298.25,12379.4,981750,18075,13513650,457950,4
NIFTY,02-JAN-2020,12341.35,12428.0,12317.15,12421.95,85125,7875,13513650,457950,5
BANKNIFTY,03-JAN-2020,32445.5,32489.05,32060.2,32161.2,1249180,-43200,1288820,-42940,0
BANKNIFTY,03-JAN-2020,32510.0,32539.7,32184.4,32266.85,33700,-820,1288820,-42940,1
BANKNIFTY,03-JAN-2020,32634.7,32649.25,32290.0,32382.5,5940,1080,1288820,-42940,2
NIFTY,03-JAN-2020,12294.4,12304.4,12222.95,12256.45,11880825,-565950,12976800,-536850,3
NIFTY,03-JAN-2020,12340.0,12347.65,12266.95,12298.6,991950,10200,12976800,-536850,4
NIFTY,03-JAN-2020,12400.0,12400.0,12314.0,12344.9,104025,18900,12976800,-536850,5
BANKNIFTY,06-JAN-2020,32000.0,32023.85,31286.0,31362.05,1373220,124040,1422860,134040,0
BANKNIFTY,06-JAN-2020,32080.2,32109.7,31403.95,31474.1,38840,5140,1422860,134040,1
BANKNIFTY,06-JAN-2020,32490.0,32490.0,31535.0,31573.65,10800,4860,1422860,134040,2
NIFTY,06-JAN-2020,12201.9,12217.85,12025.0,12043.7,11997525,116700,13175250,198450,3
NIFTY,06-JAN-2020,12250.0,12254.55,12070.2,12085.95,1033275,41325,13175250,198450,4
NIFTY,06-JAN-2020,12256.75,12307.4,12113.75,12131.0,144450,40425,13175250,198450,5
BANKNIFTY,07-JAN-2020,31551.1,31915.8,31200.0,31492.8,1439640,66420,1489820,66960,0
BANKNIFTY,07-JAN-2020,31740.3,32018.45,31410.0,31598.55,39120,280,1489820,66960,1
BANKNIFTY,07-JAN-2020,31830.55,32128.1,31500.0,31717.8,11060,260,1489820,66960,2
NIFTY,07-JAN-2020,12128.65,12181.85,12049.1,12106.7,12002625,5100,13183650,8400,3
NIFTY,07-JAN-2020,12157.0,12223.6,12092.0,12149.2,1028700,-4575,13183650,8400,4
NIFTY,07-JAN-2020,12180.35,12268.9,12135.0,12189.2,152325,7875,13183650,8400,5
BANKNIFTY,08-JAN-2020,31185.0,31541.2,30971.8,31444.05,1656880,217240,1717080,227260,0
BANKNIFTY,08-JAN-2020,31191.95,31645.6,31067.15,31559.05,48960,9840,1717080,227260,1
BANKNIFTY,08-JAN-2020,31291.7,31750.0,31209.8,31658.95,11240,180,1717080,227260,2
NIFTY,08-JAN-2020,11996.9,12090.5,11976.6,12063.5,12002700,75,13254075,70425,3
NIFTY,08-JAN-2020,12021.7,12129.6,12015.15,12106.4,1062150,33450,13254075,70425,4
NIFTY,08-JAN-2020,12095.2,12171.3,12058.05,12146.9,189225,36900,13254075,70425,5
BANKNIFTY,09-JAN-2020,31801.0,32200.0,31760.15,32152.65,1562160,-94720,1625940,-91140,0
BANKNIFTY,09-JAN-2020,31874.1,32307.0,31874.1,32265.9,54520,5560,1625940,-91140,1
BANKNIFTY,09-JAN-2020,31990.0,32447.7,31990.0,32363.0,9260,-1980,1625940,-91140,2
NIFTY,09-JAN-2020,12181.15,12279.3,12168.25,12269.75,13165800,1163100,14504175,1250100,3
NIFTY,09-JAN-2020,12215.7,12316.95,12214.3,12309.15,1114050,51900,14504175,1250100,4
NIFTY,09-JAN-2020,12273.9,12358.0,12265.0,12350.5,224325,35100,14504175,1250100,5
BANKNIFTY,10-JAN-2020,32263.95,32384.95,31980.0,32122.75,1401280,-160880,1469640,-156300,0
BANKNIFTY,10-JAN-2020,32313.3,32489.55,32100.0,32231.9,58540,4020,1469640,-156300,1
BANKNIFTY,10-JAN-2020,32450.55,32590.0,32200.0,32334.7,9820,560,1469640,-156300,2
NIFTY,10-JAN-2020,12294.65,12357.0,12255.2,12290.0,13284300,118500,14684025,179850,3
NIFTY,10-JAN-2020,12327.25,12394.3,12295.6,12330.7,1159575,45525,14684025,179850,4
NIFTY,10-JAN-2020,12351.0,12432.0,12340.0,12371.05,240150,15825,14684025,179850,5
BANKNIFTY,13-JAN-2020,32159.65,32380.0,32123.75,32242.25,1317520,-83760,1388240,-81400,0
BANKNIFTY,13-JAN-2020,32313.25,32490.0,32245.0,32354.95,60360,1820,1388240,-81400,1
BANKNIFTY,13-JAN-2020,32400.0,32582.25,32350.0,32460.95,10360,540,1388240,-81400,2
NIFTY,13-JAN-2020,12330.7,12369.6,12323.0,12362.15,13281750,-2550,14741400,57375,3
NIFTY,13-JAN-2020,12362.9,12409.0,12362.9,12400.6,1182300,22725,14741400,57375,4
NIFTY,13-JAN-2020,12392.75,12447.9,12392.75,12436.05,277350,37200,14741400,57375,5
BANKNIFTY,14-JAN-2020,32240.0,32260.0,32031.8,32169.05,1276480,-41040,1351120,-37120,0
BANKNIFTY,14-JAN-2020,32307.75,32363.25,32154.8,32282.8,63480,3120,1351120,-37120,1
BANKNIFTY,14-JAN-2020,32305.35,32462.9,32264.3,32388.5,11160,800,1351120,-37120,2
NIFTY,14-JAN-2020,12359.9,12412.5,12331.2,12397.0,13552950,271200,14996325,254925,3
NIFTY,14-JAN-2020,12401.05,12449.0,12371.8,12436.35,1177575,-4725,14996325,254925,4
NIFTY,14-JAN-2020,12481.0,12485.0,12407.4,12474.9,265800,-11550,14996325,254925,5
BANKNIFTY,15-JAN-2020,32089.0,32105.5,31765.8,31943.85,1260440,-16040,1346980,-4140,0
BANKNIFTY,15-JAN-2020,32150.9,32150.9,31884.45,32053.35,75020,11540,1346980,-4140,1
BANKNIFTY,15-JAN-2020,32211.05,32244.95,32000.0,32165.2,11520,360,1346980,-4140,2
NIFTY,15-JAN-2020,12363.4,12391.95,12319.05,12378.05,13072350,-480600,14548425,-447900,3
NIFTY,15-JAN-2020,12350.15,12430.0,12350.15,12418.15,1199925,22350,14548425,-447900,4
NIFTY,15-JAN-2020,12431.95,12469.9,12400.05,12456.05,276150,10350,14548425,-447900,5
BANKNIFTY,16-JAN-2020,31900.0,32054.05,31744.95,31935.7,1206640,-53800,1305360,-41620,0
BANKNIFTY,16-JAN-2020,32014.8,32159.0,31858.7,32048.85,87040,12020,1305360,-41620,1
BANKNIFTY,16-JAN-2020,32127.0,32279.9,31956.35,32153.85,11680,160,1305360,-41620,2
NIFTY,16-JAN-2020,12359.4,12409.4,12339.2,12374.35,13387050,314700,14883675,335250,3
NIFTY,16-JAN-2020,12417.55,12446.25,12381.3,12414.5,1215225,15300,14883675,335250,4
NIFTY,16-JAN-2020,12455.65,12485.15,12423.1,12452.05,281400,5250,14883675,335250,5
BANKNIFTY,17-JAN-2020,31660.25,31874.3,31540.0,31723.75,1204400,-2240,1320720,15360,0
BANKNIFTY,17-JAN-2020,31810.25,31986.3,31655.1,31843.55,103840,16800,1320720,15360,1
BANKNIFTY,17-JAN-2020,31952.1,32090.0,31827.55,31961.75,12480,800,1320720,15360,2
NIFTY,17-JAN-2020,12345.0,12407.5,12335.0,12384.65,13602150,215100,15126825,243150,3
NIFTY,17-JAN-2020,12390.3,12444.7,12375.15,12423.2,1229475,14250,15126825,243150,4
NIFTY,17-JAN-2020,12417.6,12485.0,12413.85,12467.55,295200,13800,15126825,243150,5
BANKNIFTY,20-JAN-2020,31997.65,31997.65,31126.1,31181.85,1414360,209960,1548100,227380,0
BANKNIFTY,20-JAN-2020,32035.0,32035.0,31255.0,31300.65,118240,14400,1548100,227380,1
BANKNIFTY,20-JAN-2020,31952.65,32000.0,31370.7,31416.9,15500,3020,1548100,227380,2
NIFTY,20-JAN-2020,12413.4,12419.2,12252.0,12263.15,13181400,-420750,14803800,-323025,3
NIFTY,20-JAN-2020,12448.4,12448.4,12293.0,12302.45,1300650,71175,14803800,-323025,4
NIFTY,20-JAN-2020,12479.75,12485.05,12337.15,12345.4,321750,26550,14803800,-323025,5
BANKNIFTY,21-JAN-2020,31049.9,31200.0,30920.95,31042.8,1448880,34520,1594040,45940,0
BANKNIFTY,21-JAN-2020,31200.0,31320.0,31045.0,31162.6,130020,11780,1594040,45940,1
BANKNIFTY,21-JAN-2020,31180.9,31421.0,31168.3,31268.9,15140,-360,1594040,45940,2
NIFTY,21-JAN-2020,12212.9,12244.0,12181.25,12203.1,13017450,-163950,14739225,-64575,3
NIFTY,21-JAN-2020,12255.0,12282.05,12223.3,12242.8,1387050,86400,14739225,-64575,4
NIFTY,21-JAN-2020,12300.0,12323.05,12265.6,12286.1,334725,12975,14739225,-64575,5
BANKNIFTY,22-JAN-2020,31150.0,31230.0,30705.0,30802.85,1576580,127700,1765720,171680,0
BANKNIFTY,22-JAN-2020,31377.7,31377.7,30825.0,30917.6,174120,44100,1765720,171680,1
BANKNIFTY,22-JAN-2020,31424.3,31459.95,30950.0,31027.35,15020,-120,1765720,171680,2
NIFTY,22-JAN-2020,12245.65,12249.75,12110.0,12145.25,12877650,-139800,14837625,98400,3
NIFTY,22-JAN-2020,12275.25,12289.55,12152.3,12182.7,1604325,217275,14837625,98400,4
NIFTY,22-JAN-2020,12300.0,12444.7,12195.05,12225.65,355650,20925,14837625,98400,5
BANKNIFTY,23-JAN-2020,30800.0,31170.0,30680.0,31090.1,1360280,-216300,1585540,-180180,0
BANKNIFTY,23-JAN-2020,30890.0,31282.4,30803.0,31211.35,210300,36180,1585540,-180180,1
BANKNIFTY,23-JAN-2020,31005.0,31389.0,30911.9,31328.25,14960,-60,1585540,-180180,2
NIFTY,23-JAN-2020,12138.85,12220.0,12110.15,12201.0,12597825,-279825,14802825,-34800,3
NIFTY,23-JAN-2020,12178.45,12255.9,12148.15,12239.85,1815075,210750,14802825,-34800,4
NIFTY,23-JAN-2020,12208.85,12295.0,12190.3,12277.5,389925,34275,14802825,-34800,5
BANKNIFTY,24-JAN-2020,31100.55,31438.0,30924.0,31330.35,1305540,-54740,1587160,1620,0
BANKNIFTY,24-JAN-2020,31357.55,31549.85,31051.7,31448.15,266820,56520,1587160,1620,1
BANKNIFTY,24-JAN-2020,31379.0,31650.0,31156.85,31562.4,14800,-160,1587160,1620,2
NIFTY,24-JAN-2020,12204.75,12292.7,12157.0,12271.6,12394500,-203325,14876100,73275,3
NIFTY,24-JAN-2020,12229.0,12329.05,12194.9,12310.1,2039325,224250,14876100,73275,4
NIFTY,24-JAN-2020,12269.25,12365.0,12237.9,12345.9,442275,52350,14876100,73275,5
BANKNIFTY,27-JAN-2020,31050.1,31239.9,30850.0,30879.05,1327880,22340,1751880,164720,0
BANKNIFTY,27-JAN-2020,31255.2,31359.85,30965.35,30994.9,407600,140780,1751880,164720,1
BANKNIFTY,27-JAN-2020,31240.1,31465.25,31084.4,31115.75,16400,1600,1751880,164720,2
NIFTY,27-JAN-2020,12168.85,12209.6,12117.5,12125.7,12369675,-24825,15329325,453225,3
NIFTY,27-JAN-2020,12221.15,12249.2,12158.5,12166.3,2459100,419775,15329325,453225,4
NIFTY,27-JAN-2020,12270.6,12285.0,12195.0,12202.4,500550,58275,15329325,453225,5
BANKNIFTY,28-JAN-2020,30929.95,31070.0,30675.15,30771.6,1236420,-91460,1806800,54920,0
BANKNIFTY,28-JAN-2020,31054.8,31177.8,30790.0,30883.05,552040,144440,1806800,54920,1
BANKNIFTY,28-JAN-2020,31150.0,31280.55,30915.0,31002.25,18340,1940,1806800,54920,2
NIFTY,28-JAN-2020,12124.9,12162.45,12038.0,12068.0,10895025,-1474650,15411450,82125,3
NIFTY,28-JAN-2020,12146.45,12200.0,12076.3,12107.0,4000200,1541100,15411450,82125,4
NIFTY,28-JAN-2020,12204.85,12235.7,12116.35,12145.75,516225,15675,15411450,82125,5
BANKNIFTY,29-JAN-2020,30960.0,31109.05,30866.0,30905.55,1106660,-129760,1832960,26160,0
BANKNIFTY,29-JAN-2020,31002.0,31195.0,30942.0,30978.65,706240,154200,1832960,26160,1
BANKNIFTY,29-JAN-2020,31108.45,31300.0,31062.4,31096.75,20060,1720,1832960,26160,2
NIFTY,29-JAN-2020,12114.4,12182.45,12095.6,12121.55,8229000,-2666025,15058875,-352575,3
NIFTY,29-JAN-2020,12135.2,12215.55,12131.05,12156.85,6261000,2260800,15058875,-352575,4
NIFTY,29-JAN-2020,12185.8,12251.0,12170.2,12194.55,568875,52650,15058875,-352575,5
BANKNIFTY,30-JAN-2020,31280.0,31280.0,30513.45,30663.75,752360,-354300,1984360,151400,0
BANKNIFTY,30-JAN-2020,30947.0,30947.0,30622.05,30768.4,1208620,502380,1984360,151400,1
BANKNIFTY,30-JAN-2020,31023.1,31023.1,30749.45,30888.25,23380,3320,1984360,151400,2
NIFTY,30-JAN-2020,12115.6,12117.9,12006.3,12043.5,5467875,-2761125,16223325,1164450,3
NIFTY,30-JAN-2020,12139.55,12145.95,12035.0,12059.9,10168350,3907350,16223325,1164450,4
NIFTY,30-JAN-2020,12170.05,12181.05,12080.0,12101.1,587100,18225,16223325,1164450,5
BANKNIFTY,31-JAN-2020,30940.0,31125.7,30780.5,30937.3,1053860,-154760,1079680,-152320,0
BANKNIFTY,31-JAN-2020,30608.3,31225.75,30608.3,31047.4,24160,780,1079680,-152320,1
BANKNIFTY,31-JAN-2020,31179.45,31310.0,31000.0,31127.15,1660,1660,1079680,-152320,2
NIFTY,31-JAN-2020,12103.4,12124.0,11973.0,11994.3,11435250,1266900,12058425,1302975,3
NIFTY,31-JAN-2020,12100.55,12166.05,12018.0,12036.3,609225,22125,12058425,1302975,4
NIFTY,31-JAN-2020,12180.0,12200.3,12060.0,12074.2,13950,13950,12058425,1302975,5
BANKNIFTY,01-FEB-2020,30794.95,30990.0,29770.0,29873.4,1406900,353040,1445200,365520,0
BANKNIFTY,01-FEB-2020,30790.05,31087.5,29875.25,29991.3,34520,10360,1445200,365520,1
BANKNIFTY,01-FEB-2020,30750.1,31107.65,29993.8,30102.9,3780,2120,1445200,365520,2
NIFTY,01-FEB-2020,11948.9,12020.2,11625.05,11654.9,13988775,2553525,14718750,2660325,3
NIFTY,01-FEB-2020,11977.05,12060.3,11670.0,11700.5,645825,36600,14718750,2660325,4
NIFTY,01-FEB-2020,12019.4,12100.0,11710.95,11754.7,84150,70200,14718750,2660325,5
BANKNIFTY,03-FEB-2020,29729.9,30110.0,29530.0,30032.15,1347240,-59660,1389700,-55500,0
BANKNIFTY,03-FEB-2020,29999.6,30210.5,29750.0,30142.2,37800,3280,1389700,-55500,1
BANKNIFTY,03-FEB-2020,30096.45,30320.85,29860.0,30260.65,4660,880,1389700,-55500,2
NIFTY,03-FEB-2020,11598.0,11747.0,11598.0,11703.15,13907025,-81750,14660325,-58425,3
NIFTY,03-FEB-2020,11640.15,11786.5,11640.1,11743.15,665550,19725,14660325,-58425,4
NIFTY,03-FEB-2020,11748.9,11825.0,11692.1,11786.8,87750,3600,14660325,-58425,5
BANKNIFTY,04-FEB-2020,30300.0,30798.8,30191.05,30718.45,1019540,-327700,1068340,-321360,0
BANKNIFTY,04-FEB-2020,30349.3,30894.2,30312.4,30817.6,42280,4480,1068340,-321360,1
BANKNIFTY,04-FEB-2020,30419.7,30980.0,30400.0,30909.35,6520,1860,1068340,-321360,2
NIFTY,04-FEB-2020,11761.0,11975.0,11750.25,11964.25,13816500,-90525,14647650,-12675,3
NIFTY,04-FEB-2020,11764.35,12005.45,11762.0,11994.8,734325,68775,14647650,-12675,4
NIFTY,04-FEB-2020,11800.0,12045.0,11800.0,12036.6,96825,9075,14647650,-12675,5
BANKNIFTY,05-FEB-2020,30760.05,31116.6,30631.2,31050.35,1057320,37780,1111560,43220,0
BANKNIFTY,05-FEB-2020,30797.2,31211.0,30735.45,31151.0,46380,4100,1111560,43220,1
BANKNIFTY,05-FEB-2020,30870.0,31284.1,30822.85,31241.05,7860,1340,1111560,43220,2
NIFTY,05-FEB-2020,11963.35,12104.0,11942.0,12086.3,13788375,-28125,14730075,82425,3
NIFTY,05-FEB-2020,12014.55,12126.25,11972.15,12109.2,822075,87750,14730075,82425,4
NIFTY,05-FEB-2020,12024.0,12169.9,12016.75,12152.5,119625,22800,14730075,82425,5
BANKNIFTY,06-FEB-2020,31200.0,31530.9,30956.65,31332.85,1121420,64100,1179820,68260,0
BANKNIFTY,06-FEB-2020,31232.9,31618.4,31064.0,31421.65,49780,3400,1179820,68260,1
BANKNIFTY,06-FEB-2020,31311.05,31689.0,31155.0,31499.5,8620,760,1179820,68260,2
NIFTY,06-FEB-2020,12096.9,12167.0,12087.2,12136.35,13749750,-38625,14747250,17175,3
NIFTY,06-FEB-2020,12149.85,12188.9,12114.25,12159.9,868425,46350,14747250,17175,4
NIFTY,06-FEB-2020,12178.4,12232.4,12157.55,12203.4,129075,9450,14747250,17175,5
BANKNIFTY,07-FEB-2020,31339.9,31363.85,31110.05,31240.4,1157580,36160,1219540,39720,0
BANKNIFTY,07-FEB-2020,31357.2,31445.0,31210.05,31336.85,50580,800,1219540,39720,1
BANKNIFTY,07-FEB-2020,31390.0,31536.5,31310.0,31420.95,11380,2760,1219540,39720,2
NIFTY,07-FEB-2020,12132.35,12132.4,12068.0,12095.9,13771200,21450,14820375,73125,3
NIFTY,07-FEB-2020,12141.95,12143.75,12096.0,12117.6,906450,38025,14820375,73125,4
NIFTY,07-FEB-2020,12180.75,12186.5,12142.0,12162.85,142725,13650,14820375,73125,5
BANKNIFTY,10-FEB-2020,31215.2,31259.85,31003.9,31109.85,1112920,-44660,1175900,-43640,0
BANKNIFTY,10-FEB-2020,31274.45,31274.45,31107.8,31203.8,49400,-1180,1175900,-43640,1
BANKNIFTY,10-FEB-2020,31250.0,31340.0,31200.0,31304.6,13580,2200,1175900,-43640,2
NIFTY,10-FEB-2020,12081.65,12088.9,11985.0,12040.05,13991400,220200,15054600,234225,3
NIFTY,10-FEB-2020,12106.0,12106.0,12017.65,12065.9,916275,9825,15054600,234225,4
NIFTY,10-FEB-2020,12105.4,12149.6,12062.8,12114.15,146925,4200,15054600,234225,5
BANKNIFTY,11-FEB-2020,31271.5,31516.4,31265.0,31383.3,1209480,96560,1280760,104860,0
BANKNIFTY,11-FEB-2020,31359.95,31599.35,31359.95,31483.15,54400,5000,1280760,104860,1
BANKNIFTY,11-FEB-2020,31441.1,31690.0,31441.1,31571.1,16880,3300,1280760,104860,2
NIFTY,11-FEB-2020,12105.65,12185.0,12095.2,12126.85,13540875,-450525,14711400,-343200,3
NIFTY,11-FEB-2020,12120.0,12205.0,12120.0,12150.6,1000425,84150,14711400,-343200,4
NIFTY,11-FEB-2020,12160.0,12248.25,12160.0,12199.2,170100,23175,14711400,-343200,5
BANKNIFTY,12-FEB-2020,31516.5,31619.8,31458.4,31566.9,1205380,-4100,1284580,3820,0
BANKNIFTY,12-FEB-2020,31555.15,31699.45,31555.1,31659.75,59180,4780,1284580,3820,1
BANKNIFTY,12-FEB-2020,31702.05,31790.0,31680.0,31745.7,20020,3140,1284580,3820,2
NIFTY,12-FEB-2020,12169.75,12247.7,12157.7,12228.45,13212000,-328875,14478750,-232650,3
NIFTY,12-FEB-2020,12184.75,12269.3,12184.75,12251.25,1068675,68250,14478750,-232650,4
NIFTY,12-FEB-2020,12240.0,12306.1,12238.35,12295.2,198075,27975,14478750,-232650,5
BANKNIFTY,13-FEB-2020,31565.1,31626.7,31188.85,31231.35,1280220,74840,1357840,73260,0
BANKNIFTY,13-FEB-2020,31642.3,31662.6,31298.6,31331.75,58040,-1140,1357840,73260,1
BANKNIFTY,13-FEB-2020,31743.85,31743.85,31374.0,31419.2,19580,-440,1357840,73260,2
NIFTY,13-FEB-2020,12219.9,12219.9,12145.5,12174.6,12974475,-237525,14390475,-88275,3
NIFTY,13-FEB-2020,12228.7,12236.95,12166.0,12193.6,1218525,149850,14390475,-88275,4
NIFTY,13-FEB-2020,12272.3,12272.3,12212.55,12237.45,197475,-600,14390475,-88275,5
BANKNIFTY,14-FEB-2020,31280.0,31470.85,30774.5,30902.1,1269540,-10680,1347180,-10660,0
BANKNIFTY,14-FEB-2020,31375.0,31552.0,30895.55,31006.95,58340,300,1347180,-10660,1
BANKNIFTY,14-FEB-2020,30916.25,31652.3,30916.1,31097.2,19300,-280,1347180,-10660,2
NIFTY,14-FEB-2020,12198.9,12260.4,12101.0,12129.65,12662100,-312375,14181825,-208650,3
NIFTY,14-FEB-2020,12224.05,12278.55,12122.0,12149.95,1297275,78750,14181825,-208650,4
NIFTY,14-FEB-2020,12250.0,12320.0,12171.0,12199.55,222450,24975,14181825,-208650,5
BANKNIFTY,17-FEB-2020,30894.25,31014.9,30640.0,30776.35,1136360,-133180,1218260,-128920,0
BANKNIFTY,17-FEB-2020,31337.85,31337.85,30741.55,30873.2,62880,4540,1218260,-128920,1
BANKNIFTY,17-FEB-2020,31144.15,31205.05,30838.05,30982.2,19020,-280,1218260,-128920,2
NIFTY,17-FEB-2020,12140.65,12158.6,12052.35,12074.45,12317025,-345075,14073450,-108375,3
NIFTY,17-FEB-2020,12164.0,12179.7,12068.0,12087.5,1522875,225600,14073450,-108375,4
NIFTY,17-FEB-2020,12200.0,12227.1,12120.0,12138.0,233550,11100,14073450,-108375,5
BANKNIFTY,18-FEB-2020,30655.85,30707.15,30282.55,30581.4,1116580,-19780,1210320,-7940,0
BANKNIFTY,18-FEB-2020,30750.05,30776.7,30400.0,30678.15,75500,12620,1210320,-7940,1
BANKNIFTY,18-FEB-2020,30813.45,30845.0,30510.0,30788.3,18240,-780,1210320,-7940,2
NIFTY,18-FEB-2020,12025.4,12047.0,11923.3,12006.1,12216600,-100425,14325825,252375,3
NIFTY,18-FEB-2020,12063.0,12063.0,11938.15,12017.0,1839075,316200,14325825,252375,4
NIFTY,18-FEB-2020,12105.0,12105.0,11992.0,12072.35,270150,36600,14325825,252375,5
BANKNIFTY,19-FEB-2020,30875.0,30940.0,30652.0,30856.4,1069040,-47540,1207680,-2640,0
BANKNIFTY,19-FEB-2020,30955.85,31013.35,30742.1,30933.35,120560,45060,1207680,-2640,1
BANKNIFTY,19-FEB-2020,31049.35,31110.0,30850.0,31037.2,18080,-160,1207680,-2640,2
NIFTY,19-FEB-2020,12110.0,12150.55,12047.65,12142.7,11783700,-432900,14254575,-71250,3
NIFTY,19-FEB-2020,12098.0,12157.0,12048.4,12147.35,2184675,345600,14254575,-71250,4
NIFTY,19-FEB-2020,12117.25,12200.0,12100.1,12191.7,286200,16050,14254575,-71250,5
BANKNIFTY,20-FEB-2020,30784.0,31098.4,30698.6,30938.7,1053500,-15540,1240780,33100,0
BANKNIFTY,20-FEB-2020,30802.2,31186.85,30791.35,31034.65,168200,47640,1240780,33100,1
BANKNIFTY,20-FEB-2020,30900.0,31270.5,30851.45,31128.15,19080,1000,1240780,33100,2
NIFTY,20-FEB-2020,12102.9,12163.0,12065.0,12079.0,11504625,-279075,14406975,152400,3
NIFTY,20-FEB-2020,12125.0,12168.9,12080.5,12093.65,2613450,428775,14406975,152400,4
NIFTY,20-FEB-2020,12162.75,12211.4,12130.0,12139.6,288900,2700,14406975,152400,5
BANKNIFTY,24-FEB-2020,30615.0,30688.8,30393.35,30423.0,1037360,-16140,1400100,159320,0
BANKNIFTY,24-FEB-2020,30800.05,30800.05,30500.0,30522.45,339040,170840,1400100,159320,1
BANKNIFTY,24-FEB-2020,30550.0,30877.0,30550.0,30620.05,23700,4620,1400100,159320,2
NIFTY,24-FEB-2020,11950.65,11969.75,11814.05,11827.55,10834425,-670200,16594200,2187225,3
NIFTY,24-FEB-2020,11977.75,11983.15,11821.3,11835.45,5400075,2786625,16594200,2187225,4
NIFTY,24-FEB-2020,12050.0,12050.0,11872.0,11889.1,359700,70800,16594200,2187225,5
BANKNIFTY,25-FEB-2020,30500.05,30633.35,30351.5,30467.9,864560,-172800,1334560,-65540,0
BANKNIFTY,25-FEB-2020,30609.95,30714.55,30450.85,30558.75,445380,106340,1334560,-65540,1
BANKNIFTY,25-FEB-2020,30430.9,30800.05,30430.9,30662.95,24620,920,1334560,-65540,2
NIFTY,25-FEB-2020,11878.65,11888.7,11791.0,11816.55,8357700,-2476725,16212225,-381975,3
NIFTY,25-FEB-2020,11884.95,11888.95,11796.05,11823.2,7430100,2030025,16212225,-381975,4
NIFTY,25-FEB-2020,11916.9,11939.95,11847.0,11865.45,424425,64725,16212225,-381975,5
BANKNIFTY,26-FEB-2020,30230.0,30517.1,30125.5,30315.5,611720,-252840,1351180,16620,0
BANKNIFTY,26-FEB-2020,30380.0,30594.9,30205.0,30387.25,714080,268700,1351180,16620,1
BANKNIFTY,26-FEB-2020,30450.0,30671.2,30302.15,30493.5,25380,760,1351180,16620,2
NIFTY,26-FEB-2020,11739.65,11787.7,11635.3,11695.65,6905025,-1452675,17876175,1663950,3
NIFTY,26-FEB-2020,11767.05,11789.3,11638.0,11699.35,10488525,3058425,17876175,1663950,4
NIFTY,26-FEB-2020,11802.95,11839.95,11690.0,11745.6,482625,58200,17876175,1663950,5
BANKNIFTY,27-FEB-2020,30265.0,30265.0,29951.15,30183.45,344960,-266760,1381180,30000,0
BANKNIFTY,27-FEB-2020,30350.5,30350.55,29972.05,30255.75,1005900,291820,1381180,30000,1
BANKNIFTY,27-FEB-2020,30337.2,30434.5,30087.6,30383.7,30320,4940,1381180,30000,2
NIFTY,27-FEB-2020,11665.35,11665.6,11540.15,11631.45,4378575,-2526450,19587300,1711125,3
NIFTY,27-FEB-2020,11685.0,11685.15,11541.1,11629.25,14480925,3992400,19587300,1711125,4
NIFTY,27-FEB-2020,11704.15,11704.15,11589.9,11678.8,727800,245175,19587300,1711125,5
BANKNIFTY,28-FEB-2020,29625.0,29665.25,28970.15,29053.9,1265960,260060,1304240,268020,0
BANKNIFTY,28-FEB-2020,29742.3,29767.15,29090.0,29151.35,36000,5680,1304240,268020,1
BANKNIFTY,28-FEB-2020,29857.6,29857.6,29200.0,29233.9,2280,2280,1304240,268020,2
NIFTY,28-FEB-2020,11380.0,11400.05,11116.65,11149.15,15312675,831750,16761900,1553175,3
NIFTY,28-FEB-2020,11430.95,11438.4,11164.25,11191.2,1120275,392475,16761900,1553175,4
NIFTY,28-FEB-2020,11466.85,11466.85,11200.0,11221.65,328950,328950,16761900,1553175,5
BANKNIFTY,02-MAR-2020,29355.55,29648.0,28600.05,28885.15,1172420,-93540,1272080,-32160,0
BANKNIFTY,02-MAR-2020,29736.1,29736.95,28720.75,29008.9,61720,25720,1272080,-32160,1
BANKNIFTY,02-MAR-2020,29718.95,29800.0,28820.0,29121.3,37940,35660,1272080,-32160,2
NIFTY,02-MAR-2020,11283.0,11418.0,11023.95,11123.7,13738950,-1573725,15238575,-1523325,3
NIFTY,02-MAR-2020,11348.7,11460.0,11070.35,11169.1,1120725,450,15238575,-1523325,4
NIFTY,02-MAR-2020,11380.0,11484.0,11091.35,11193.25,378900,49950,15238575,-1523325,5
BANKNIFTY,03-MAR-2020,29080.0,29328.2,28752.6,29223.75,1226060,53640,1353680,81600,0
BANKNIFTY,03-MAR-2020,29228.7,29427.85,28889.6,29326.85,79600,17880,1353680,81600,1
BANKNIFTY,03-MAR-2020,29319.95,29500.0,28990.25,29364.7,48020,10080,1353680,81600,2
NIFTY,03-MAR-2020,11179.9,11326.75,11120.1,11294.75,14202225,463275,15979650,741075,3
NIFTY,03-MAR-2020,11214.6,11370.0,11156.65,11342.15,1342950,222225,15979650,741075,4
NIFTY,03-MAR-2020,11305.25,11394.4,11190.0,11356.25,434475,55575,15979650,741075,5
BANKNIFTY,04-MAR-2020,29115.0,29299.9,28158.3,28753.0,1262820,36760,1391440,37760,0
BANKNIFTY,04-MAR-2020,29399.3,29399.3,28268.8,28863.1,78880,-720,1391440,37760,1
BANKNIFTY,04-MAR-2020,29354.75,29354.75,28374.25,28914.35,49740,1720,1391440,37760,2
NIFTY,04-MAR-2020,11298.4,11337.9,11061.2,11247.1,14848050,645825,16755300,775650,3
NIFTY,04-MAR-2020,11260.1,11367.5,11110.75,11291.95,1467300,124350,16755300,775650,4
NIFTY,04-MAR-2020,11371.05,11373.1,11140.0,11312.25,439950,5475,16755300,775650,5
BANKNIFTY,05-MAR-2020,28839.95,29180.0,28547.05,28829.3,1243840,-18980,1373260,-18180,0
BANKNIFTY,05-MAR-2020,28999.85,29279.45,28660.1,28931.8,79720,840,1373260,-18180,1
BANKNIFTY,05-MAR-2020,29194.75,29369.0,28777.0,29018.65,49700,-40,1373260,-18180,2
NIFTY,05-MAR-2020,11294.65,11382.0,11230.5,11255.35,15140400,292350,17403525,648225,3
NIFTY,05-MAR-2020,11322.55,11428.0,11282.75,11302.2,1712400,245100,17403525,648225,4
NIFTY,05-MAR-2020,11372.35,11449.0,11310.0,11326.35,550725,110775,17403525,648225,5
BANKNIFTY,06-MAR-2020,27710.15,28063.65,27280.0,27782.95,1219160,-24680,1357060,-16200,0
BANKNIFTY,06-MAR-2020,27877.85,28162.85,27409.0,27888.4,84620,4900,1357060,-16200,1
BANKNIFTY,06-MAR-2020,27924.35,28500.0,27505.7,27976.2,53280,3580,1357060,-16200,2
NIFTY,06-MAR-2020,10906.95,10998.9,10830.1,10939.9,17413650,2273250,19786425,2382900,3
NIFTY,06-MAR-2020,10964.5,11050.0,10890.0,10993.85,1749600,37200,19786425,2382900,4
NIFTY,06-MAR-2020,11007.2,11075.0,10919.7,11030.2,623175,72450,19786425,2382900,5
BANKNIFTY,09-MAR-2020,27111.1,27244.0,25935.05,26525.75,1316080,96920,1461260,104200,0
BANKNIFTY,09-MAR-2020,27254.65,27322.55,26070.1,26642.65,90940,6320,1461260,104200,1
BANKNIFTY,09-MAR-2020,27178.45,27366.55,26140.7,26690.7,54240,960,1461260,104200,2
NIFTY,09-MAR-2020,10634.4,10689.95,10266.0,10462.35,17250675,-162975,19815525,29100,3
NIFTY,09-MAR-2020,10699.2,10736.0,10325.0,10513.8,1854000,104400,19815525,29100,4
NIFTY,09-MAR-2020,10747.95,10778.45,10365.1,10535.8,710850,87675,19815525,29100,5
BANKNIFTY,11-MAR-2020,26349.95,26818.0,26215.45,26490.4,1534200,218120,1687580,226320,0
BANKNIFTY,11-MAR-2020,26410.15,26932.3,26345.0,26648.6,99060,8120,1687580,226320,1
BANKNIFTY,11-MAR-2020,26690.7,27000.0,26470.0,26691.55,54320,80,1687580,226320,2
NIFTY,11-MAR-2020,10382.85,10512.95,10335.35,10450.75,16914675,-336000,19596750,-218775,3
NIFTY,11-MAR-2020,10405.65,10568.2,10395.0,10512.45,1945275,91275,19596750,-218775,4
NIFTY,11-MAR-2020,10462.9,10625.2,10426.3,10545.3,736800,25950,19596750,-218775,5
BANKNIFTY,12-MAR-2020,25190.0,25344.0,23381.0,23845.05,1467500,-66700,1626220,-61360,0
BANKNIFTY,12-MAR-2020,25350.0,25427.65,23629.6,23970.95,102960,3900,1626220,-61360,1
BANKNIFTY,12-MAR-2020,25367.4,25500.0,23676.6,23979.15,55760,1440,1626220,-61360,2
NIFTY,12-MAR-2020,9941.4,10034.9,9412.85,9546.6,16218375,-696300,18999750,-597000,3
NIFTY,12-MAR-2020,10014.1,10194.8,9467.25,9598.6,2013750,68475,18999750,-597000,4
NIFTY,12-MAR-2020,10040.3,10125.55,9506.05,9633.1,767625,30825,18999750,-597000,5
BANKNIFTY,13-MAR-2020,22600.0,25591.9,21000.0,25028.9,1079400,-388100,1235140,-391080,0
BANKNIFTY,13-MAR-2020,22727.9,25687.65,21573.9,25168.2,101080,-1880,1235140,-391080,1
BANKNIFTY,13-MAR-2020,22831.9,25798.55,21585.1,25347.8,54660,-1100,1235140,-391080,2
NIFTY,13-MAR-2020,8939.85,10129.75,8299.0,9897.7,15456750,-761625,18170475,-829275,3
NIFTY,13-MAR-2020,9288.7,10175.15,8399.0,9943.3,1950150,-63600,18170475,-829275,4
NIFTY,13-MAR-2020,9056.8,10200.0,8400.0,9982.45,763575,-4050,18170475,-829275,5
BANKNIFTY,16-MAR-2020,24311.3,24434.0,22766.25,22960.75,1148440,69040,1343440,108300,0
BANKNIFTY,16-MAR-2020,24282.3,24500.0,22860.3,23058.3,138840,37760,1343440,108300,1
BANKNIFTY,16-MAR-2020,24900.0,24900.0,23000.0,23156.4,56160,1500,1343440,108300,2
NIFTY,16-MAR-2020,9514.4,9570.15,9055.0,9118.45,16982700,1525950,20370600,2200125,3
NIFTY,16-MAR-2020,9589.1,9591.25,9092.55,9159.45,2569425,619275,20370600,2200125,4
NIFTY,16-MAR-2020,9600.0,9600.0,9120.0,9178.15,818475,54900,20370600,2200125,5
BANKNIFTY,17-MAR-2020,23193.3,23448.0,21840.0,22037.05,1148420,-20,1362360,18920,0
BANKNIFTY,17-MAR-2020,23334.1,23500.0,21910.6,22095.15,155740,16900,1362360,18920,1
BANKNIFTY,17-MAR-2020,23200.0,23500.0,22003.1,22163.5,58200,2040,1362360,18920,2
NIFTY,17-MAR-2020,9224.95,9357.8,8851.3,8915.6,15864600,-1118100,19768650,-601950,3
NIFTY,17-MAR-2020,9170.95,9384.4,8886.0,8949.85,3035850,466425,19768650,-601950,4
NIFTY,17-MAR-2020,9266.95,9399.2,8894.0,8949.2,868200,49725,19768650,-601950,5
BANKNIFTY,18-MAR-2020,22198.95,22351.0,20150.0,20517.95,1249800,101380,1497620,135260,0
BANKNIFTY,18-MAR-2020,22204.65,22423.75,20200.0,20544.65,188080,32340,1497620,135260,1
BANKNIFTY,18-MAR-2020,22445.8,22500.0,20266.45,20631.2,59740,1540,1497620,135260,2
NIFTY,18-MAR-2020,9040.7,9070.9,8380.05,8433.7,15173250,-691350,20286000,517350,3
NIFTY,18-MAR-2020,9039.0,9098.8,8390.15,8434.85,4189875,1154025,20286000,517350,4
NIFTY,18-MAR-2020,9062.0,9110.9,8400.0,8458.7,922875,54675,20286000,517350,5
BANKNIFTY,19-MAR-2020,19499.0,20971.15,18787.65,20028.5,1099260,-150540,1337180,-160440,0
BANKNIFTY,19-MAR-2020,19426.95,20965.0,18666.0,20026.0,177500,-10580,1337180,-160440,1
BANKNIFTY,19-MAR-2020,19168.45,21000.0,18874.6,20015.65,60420,680,1337180,-160440,2
NIFTY,19-MAR-2020,8111.05,8531.0,7816.45,8205.9,14296050,-877200,19781025,-504975,3
NIFTY,19-MAR-2020,8138.4,8539.65,7823.1,8207.6,4729725,539850,19781025,-504975,4
NIFTY,19-MAR-2020,8000.1,8549.0,7829.0,8228.35,755250,-167625,19781025,-504975,5
BANKNIFTY,20-MAR-2020,19959.95,20933.0,19217.75,20294.35,1117100,17840,1406580,69400,0
BANKNIFTY,20-MAR-2020,20030.0,20932.9,19250.0,20323.2,213260,35760,1406580,69400,1
BANKNIFTY,20-MAR-2020,19853.15,20975.0,19320.4,20367.0,76220,15800,1406580,69400,2
NIFTY,20-MAR-2020,8234.9,8854.6,8130.1,8723.1,14411475,115425,20548800,767775,3
NIFTY,20-MAR-2020,8247.2,8872.75,8137.25,8754.4,5149050,419325,20548800,767775,4
NIFTY,20-MAR-2020,8292.1,8875.9,8157.05,8760.5,988275,233025,20548800,767775,5
